rank,tier,tier_name,tier_validation_goal,canonical_drug_id,drug_name,selected_config,ensemble_method,drug_level_score,prediction_std_mean,confidence_grade,n_samples,tier_rationale,classification_status,canonical_smiles
1,4,화합물 또는 미지 약물,비승인 화합물/보충제/실험용 물질 분리,2438,ascorbate (vitamin C),A,directive_weighted_average,8.505767169258746,1.07437628217707,C,5,"보충제 성격의 비항암 물질로, 치료제군과 분리 필요",tier_definition_revised_20260428,C(C(C1C(=C(C(=O)O1)[O-])O)O)O
2,4,화합물 또는 미지 약물,비승인 화합물/보충제/실험용 물질 분리,2499,N-acetyl cysteine,A,directive_weighted_average,7.848305785113417,0.925390743164848,C,2,"보충제/항산화 물질로, 치료제보다는 artifact 후보 성격이 큼",tier_definition_revised_20260428,CC(=O)N[C@@H](CS)C(O)=O
3,4,화합물 또는 미지 약물,비승인 화합물/보충제/실험용 물질 분리,2439,glutathione,A,directive_weighted_average,7.438429365536784,0.5588602971180291,A,10,내인성 항산화 물질로 치료제보다는 대사성 보조물질 성격이 강함,tier_definition_revised_20260428,N[C@@H](CCC(=O)N[C@@H](CS)C(=O)NCC(=O)O)C(=O)O
4,4,화합물 또는 미지 약물,비승인 화합물/보충제/실험용 물질 분리,2498,alpha-lipoic acid,A,directive_weighted_average,6.37713898102255,0.7166786589999349,B,9,보충제 성격이 강한 물질로 유방암 치료제 tier와 분리,tier_definition_revised_20260428,OC(=O)CCCC[C@@H]1CCSS1
5,2,유방암 적응증 확장 연구 치료제,유방암 임상연구/적응증 확장 가능성 확인,1375,Temozolomide,A,directive_weighted_average,6.201372027721784,0.6434652561902341,B,8,타 적응증 치료제이며 TNBC/전이성 유방암 임상연구 기록이 확인됨,tier_definition_revised_20260428,Cn1nnc2c(C(N)=O)ncn2c1=O
6,3,유방암 비사용 치료제,타 적응증 치료제의 신규 repurposing 탐색,1815,Dacarbazine,A,directive_weighted_average,5.651772244191403,0.8831713173448481,C,6,승인 치료제이지만 현재 기준 유방암 직접 치료/확장 임상 근거는 뚜렷하지 않음,tier_definition_revised_20260428,CN(C)/N=N/c1[nH]cnc1C(N)=O
7,4,화합물 또는 미지 약물,비승인 화합물/보충제/실험용 물질 분리,1615,CZC24832,A,directive_weighted_average,5.533146752587036,0.8068088094060905,C,3,승인 치료제가 아닌 연구용 저분자 화합물,tier_definition_revised_20260428,CC(C)(C)NS(=O)(=O)C1=CN=CC(=C1)C2=CN3C(=NC(=N3)N)C(=C2)F
8,4,화합물 또는 미지 약물,비승인 화합물/보충제/실험용 물질 분리,1847,BEN,A,directive_weighted_average,5.472948052631643,1.1110429207462222,C,7,현재 명칭만으로 승인 치료제로 확인되지 않는 실험성/미지 후보,tier_definition_revised_20260428,C1=CC=C(C=C1)C(=N)N
9,2,유방암 적응증 확장 연구 치료제,유방암 임상연구/적응증 확장 가능성 확인,1089,Oxaliplatin,A,directive_weighted_average,5.356930068447554,0.4955866957101237,A,5,타 적응증 승인 치료제이며 재발/전이성 유방암 임상연구 기록이 확인됨,tier_definition_revised_20260428,[H][N]1([H])[C@@H]2CCCC[C@H]2[N]([H])([H])[Pt]11OC(=O)C(=O)O1
10,3,유방암 비사용 치료제,타 적응증 치료제의 신규 repurposing 탐색,1813,Fludarabine,A,directive_weighted_average,5.1769369815559525,0.8098139917369808,C,7,승인 치료제이지만 유방암 직접 치료제보다 혈액암/전처치 맥락이 중심,tier_definition_revised_20260428,Nc1nc(F)nc2c1ncn2[C@@H]1O[C@H](CO)[C@@H](O)[C@@H]1O
11,1,유방암 치료제,유방암 치료 맥락의 positive control 확인,1073,5-Fluorouracil,A,directive_weighted_average,5.1282340258609125,0.9571691945130436,C,7,NCI breast cancer approved drug list에 포함되는 유방암 치료제,tier_definition_revised_20260428,FC1=CNC(=O)NC1=O
12,4,화합물 또는 미지 약물,비승인 화합물/보충제/실험용 물질 분리,1067,CCT007093,A,directive_weighted_average,5.114200199289959,0.6194705082689262,B,5,승인 치료제가 아닌 연구용 저분자 화합물,tier_definition_revised_20260428,C1CC(=CC2=CC=CS2)C(=O)C1=CC3=CC=CS3
13,4,화합물 또는 미지 약물,비승인 화합물/보충제/실험용 물질 분리,2157,A-366,A,directive_weighted_average,5.093175959102917,0.539933501325913,A,5,승인 치료제가 아닌 연구용 저분자 화합물,tier_definition_revised_20260428,COC1=C(C=C2C(=C1)C3(CCC3)C(=N2)N)OCCCN4CCCC4
14,4,화합물 또는 미지 약물,비승인 화합물/보충제/실험용 물질 분리,2360,THR-101,A,directive_weighted_average,5.0845299528849495,0.6598779768918266,B,5,승인 치료제로 정착되지 않은 개발/실험 단계 후보,tier_definition_revised_20260428,CC1=CC=CC=C1N2C(=O)C3=C(S2)C=C(C=C3)F
15,4,화합물 또는 미지 약물,비승인 화합물/보충제/실험용 물질 분리,2359,GSK2830371,A,directive_weighted_average,5.076092165151049,0.6251236118075273,B,5,승인 치료제가 아닌 연구용 저분자 화합물,tier_definition_revised_20260428,CC1=C(C=C(C=N1)Cl)NCC2=CC=C(S2)C(=O)NC(CC3CCCC3)C(=O)NC4CC4
16,2,유방암 적응증 확장 연구 치료제,유방암 임상연구/적응증 확장 가능성 확인,1507,Ruxolitinib,A,directive_weighted_average,5.074542883916546,0.5834673865697942,A,4,타 적응증 승인 치료제이며 유방암/전암성 유방병변 임상연구 기록이 확인됨,tier_definition_revised_20260428,N#CC[C@H](C1CCCC1)n1cc(-c2ncnc3[nH]ccc23)cn1
17,4,화합물 또는 미지 약물,비승인 화합물/보충제/실험용 물질 분리,1025,SB216763,A,directive_weighted_average,5.016706829225624,0.5682151982176709,A,8,승인 치료제가 아닌 연구용 저분자 화합물,tier_definition_revised_20260428,Cn1cc(C2=C(c3ccc(Cl)cc3Cl)C(=O)NC2=O)c2ccccc21
18,3,유방암 비사용 치료제,타 적응증 치료제의 신규 repurposing 탐색,1814,Nelarabine,A,directive_weighted_average,4.939345971377194,0.5599246994984468,A,8,승인 치료제이지만 적응증은 T-ALL/T-LBL로 유방암 사용 근거가 뚜렷하지 않음,tier_definition_revised_20260428,COc1nc(N)nc2c1ncn2[C@@H]1O[C@H](CO)[C@@H](O)[C@@H]1O
19,2,유방암 적응증 확장 연구 치료제,유방암 임상연구/적응증 확장 가능성 확인,1018,Veliparib,A,directive_weighted_average,4.933962339287206,0.7549460263798339,C,5,유방암 특히 BRCA 연관/삼중음성 유방암에서 다수 임상연구가 확인된 치료 후보,tier_definition_revised_20260428,C[C@]1(c2nc3c(C(N)=O)cccc3[nH]2)CCCN1
20,4,화합물 또는 미지 약물,비승인 화합물/보충제/실험용 물질 분리,1931,MIRA-1,A,directive_weighted_average,4.92044094091649,0.6572551645664318,B,3,승인 치료제가 아닌 연구용 저분자 화합물,tier_definition_revised_20260428,CCC(=O)OCN1C(=O)C=CC1=O
21,4,화합물 또는 미지 약물,비승인 화합물/보충제/실험용 물질 분리,1131,PRIMA-1MET,A,directive_weighted_average,4.896362151332794,0.5944338830249697,A,4,개발 코드명 기반 후보로 승인 치료제군과 분리,tier_definition_revised_20260428,COCC1(CO)N2CCC(CC2)C1=O
22,1,유방암 치료제,유방암 치료 맥락의 positive control 확인,1512,Cyclophosphamide,A,directive_weighted_average,4.882440830674113,0.6013163613755235,A,4,NCI breast cancer approved drug list 및 AC/FEC/CMF 조합에 포함되는 유방암 치료제,tier_definition_revised_20260428,O.O=P1(N(CCCl)CCCl)NCCCO1
23,2,유방암 적응증 확장 연구 치료제,유방암 임상연구/적응증 확장 가능성 확인,1029,Motesanib,A,directive_weighted_average,4.878247006775327,0.7541400172974958,C,6,유방암 병용요법 임상연구가 확인된 개발 치료 후보,tier_definition_revised_20260428,CC1(C)CNc2cc(NC(=O)c3cccnc3NCc3ccncc3)ccc21
24,4,화합물 또는 미지 약물,비승인 화합물/보충제/실험용 물질 분리,1621,PCI-34051,A,directive_weighted_average,4.860396613451996,0.5853650176761725,A,4,승인 치료제가 아닌 연구용 저분자 화합물,tier_definition_revised_20260428,COC1=CC=C(C=C1)CN2C=CC3=C2C=C(C=C3)C(=O)NO
25,4,화합물 또는 미지 약물,비승인 화합물/보충제/실험용 물질 분리,1449,AZD1208,A,directive_weighted_average,4.846864699827835,0.6304353507245384,B,7,개발 코드명 기반 후보로 승인 치료제군과 분리,tier_definition_revised_20260428,NC1CCCN(c2c(/C=C3/SC(=O)NC3=O)cccc2-c2ccccc2)C1
26,3,유방암 비사용 치료제,타 적응증 치료제의 신규 repurposing 탐색,1020,Lenalidomide,A,directive_weighted_average,4.835814307744632,0.647878216368719,B,6,승인 치료제이지만 현재 확인된 주 적응증은 혈액암 계열로 유방암 직접 사용 근거가 제한적,tier_definition_revised_20260428,Nc1cccc2c1CN(C1CCC(=O)NC1=O)C2=O
27,4,화합물 또는 미지 약물,비승인 화합물/보충제/실험용 물질 분리,1043,JNK Inhibitor VIII,A,directive_weighted_average,4.8151530115217875,0.6038020198969525,B,3,연구용 inhibitor 명칭으로 임상 치료제군과 분리,tier_definition_revised_20260428,CCOC1=C(C(=CC(=N1)NC(=O)CC2=C(C=CC(=C2)OC)OC)N)C#N
28,4,화합물 또는 미지 약물,비승인 화합물/보충제/실험용 물질 분리,1629,ML323,A,directive_weighted_average,4.8134682066130585,0.558458134284715,A,4,승인 치료제가 아닌 연구용 저분자 화합물,tier_definition_revised_20260428,CC1=CN=C(N=C1NCC2=CC=C(C=C2)N3C=CN=N3)C4=CC=CC=C4C(C)C
29,4,화합물 또는 미지 약물,비승인 화합물/보충제/실험용 물질 분리,1580,GSK2801,A,directive_weighted_average,4.789105849357247,0.6274298795138095,B,6,승인 치료제가 아닌 연구용 저분자 화합물,tier_definition_revised_20260428,CCCOC1=CC2=C(C=C(N2C=C1)C(=O)C)C3=CC=CC=C3S(=O)(=O)C
30,4,화합물 또는 미지 약물,비승인 화합물/보충제/실험용 물질 분리,1852,LY2109761,A,directive_weighted_average,4.744553885808339,0.810567452466419,C,7,개발 코드명 기반 후보로 승인 치료제군과 분리,tier_definition_revised_20260428,C1CC2=C(C(=NN2C1)C3=CC=CC=N3)C4=C5C=CC(=CC5=NC=C4)OCCN6CCOCC6
